lang,langType,territory,revGenDate,defs,dftLang,file
af,af,,2015-02-23,8,0,af.xml
af-NA,af,NA,2015-02-06,2,0,af_NA.xml
af-ZA,af,ZA,2014-07-23,0,1,af_ZA.xml
agq,agq,,2014-10-31,6,0,agq.xml
agq-CM,agq,CM,2014-07-23,0,1,agq_CM.xml
ak,ak,,2014-08-07,6,0,ak.xml
ak-GH,ak,GH,2014-07-23,0,1,ak_GH.xml
am,am,,2015-02-23,8,0,am.xml
am-ET,am,ET,2014-07-23,0,1,am_ET.xml
ar,ar,,2015-02-23,9,0,ar.xml
ar-001,ar,001,2014-07-23,0,1,ar_001.xml
ar-AE,ar,AE,2015-02-26,3,0,ar_AE.xml
ar-BH,ar,BH,2014-07-23,0,0,ar_BH.xml
ar-DJ,ar,DJ,2014-07-23,1,0,ar_DJ.xml
ar-DZ,ar,DZ,2015-02-17,2,0,ar_DZ.xml
ar-EG,ar,EG,2015-02-17,2,0,ar_EG.xml
ar-EH,ar,EH,2014-07-23,1,0,ar_EH.xml
ar-ER,ar,ER,2014-07-23,1,0,ar_ER.xml
ar-IL,ar,IL,2014-07-23,0,0,ar_IL.xml
ar-IQ,ar,IQ,2014-07-23,1,0,ar_IQ.xml
ar-JO,ar,JO,2014-07-23,1,0,ar_JO.xml
ar-KM,ar,KM,2014-07-23,0,0,ar_KM.xml
ar-KW,ar,KW,2014-07-23,0,0,ar_KW.xml
ar-LB,ar,LB,2015-02-17,2,0,ar_LB.xml
ar-LY,ar,LY,2014-07-23,1,0,ar_LY.xml
ar-MA,ar,MA,2015-02-17,2,0,ar_MA.xml
ar-MR,ar,MR,2014-07-23,2,0,ar_MR.xml
ar-OM,ar,OM,2014-07-23,0,0,ar_OM.xml
ar-PS,ar,PS,2015-02-26,1,0,ar_PS.xml
ar-QA,ar,QA,2015-02-17,0,0,ar_QA.xml
ar-SA,ar,SA,2015-02-17,0,0,ar_SA.xml
ar-SD,ar,SD,2014-07-23,0,0,ar_SD.xml
ar-SO,ar,SO,2014-07-23,1,0,ar_SO.xml
ar-SS,ar,SS,2014-07-23,1,0,ar_SS.xml
ar-SY,ar,SY,2015-02-17,1,0,ar_SY.xml
ar-TD,ar,TD,2014-07-23,0,0,ar_TD.xml
ar-TN,ar,TN,2015-02-17,2,0,ar_TN.xml
ar-YE,ar,YE,2015-02-17,0,0,ar_YE.xml
as,as,,2014-08-07,4,0,as.xml
as-IN,as,IN,2014-07-23,0,1,as_IN.xml
asa,asa,,2014-07-23,6,0,asa.xml
asa-TZ,asa,TZ,2014-07-23,0,1,asa_TZ.xml
ast,ast,,2015-02-23,8,0,ast.xml
ast-ES,ast,ES,2014-07-23,0,1,ast_ES.xml
az,az,,2015-02-23,8,0,az.xml
az-Cyrl,az,,2014-10-17,5,0,az_Cyrl.xml
az-Cyrl-AZ,az,AZ,2014-07-23,0,1,az_Cyrl_AZ.xml
az-Latn,az,,2014-07-23,0,0,az_Latn.xml
az-Latn-AZ,az,AZ,2014-07-23,0,1,az_Latn_AZ.xml
bas,bas,,2014-07-23,6,0,bas.xml
bas-CM,bas,CM,2014-07-23,0,1,bas_CM.xml
be,be,,2015-01-02,7,0,be.xml
be-BY,be,BY,2014-07-23,0,1,be_BY.xml
bem,bem,,2014-07-23,6,0,bem.xml
bem-ZM,bem,ZM,2014-07-23,0,1,bem_ZM.xml
bez,bez,,2014-08-07,6,0,bez.xml
bez-TZ,bez,TZ,2014-07-23,0,1,bez_TZ.xml
bg,bg,,2015-02-23,8,0,bg.xml
bg-BG,bg,BG,2014-07-23,0,1,bg_BG.xml
bm,bm,,2014-10-31,6,0,bm.xml
bm-Latn,bm,,2014-07-23,0,0,bm_Latn.xml
bm-Latn-ML,bm,ML,2014-07-23,0,1,bm_Latn_ML.xml
bn,bn,,2015-02-23,8,0,bn.xml
bn-BD,bn,BD,2014-07-23,0,1,bn_BD.xml
bn-IN,bn,IN,2015-02-09,0,0,bn_IN.xml
bo,bo,,2014-07-23,5,0,bo.xml
bo-CN,bo,CN,2014-07-23,0,1,bo_CN.xml
bo-IN,bo,IN,2014-07-23,2,0,bo_IN.xml
br,br,,2015-01-02,7,0,br.xml
br-FR,br,FR,2014-07-23,0,1,br_FR.xml
brx,brx,,2015-02-23,7,0,brx.xml
brx-IN,brx,IN,2014-07-23,0,1,brx_IN.xml
bs,bs,,2015-03-05,9,0,bs.xml
bs-Cyrl,bs,,2015-02-23,8,0,bs_Cyrl.xml
bs-Cyrl-BA,bs,BA,2014-07-23,0,1,bs_Cyrl_BA.xml
bs-Latn,bs,,2014-07-23,0,0,bs_Latn.xml
bs-Latn-BA,bs,BA,2014-07-23,0,1,bs_Latn_BA.xml
ca,ca,,2015-02-23,8,0,ca.xml
ca-AD,ca,AD,2014-07-23,0,0,ca_AD.xml
ca-ES,ca,ES,2014-07-23,0,1,ca_ES.xml
ca-ES-VALENCIA,ca,ES,2014-08-07,2,0,ca_ES_VALENCIA.xml
ca-FR,ca,FR,2014-07-23,1,0,ca_FR.xml
ca-IT,ca,IT,2014-07-23,0,0,ca_IT.xml
cgg,cgg,,2014-08-07,6,0,cgg.xml
cgg-UG,cgg,UG,2014-07-23,0,1,cgg_UG.xml
chr,chr,,2014-07-23,7,0,chr.xml
chr-US,chr,US,2014-07-23,0,1,chr_US.xml
cs,cs,,2015-02-23,9,0,cs.xml
cs-CZ,cs,CZ,2014-07-23,0,1,cs_CZ.xml
cy,cy,,2015-01-02,8,0,cy.xml
cy-GB,cy,GB,2014-07-23,0,1,cy_GB.xml
da,da,,2015-02-23,9,0,da.xml
da-DK,da,DK,2014-07-23,0,1,da_DK.xml
da-GL,da,GL,2014-07-23,0,0,da_GL.xml
dav,dav,,2014-07-23,6,0,dav.xml
dav-KE,dav,KE,2014-07-23,0,1,dav_KE.xml
de,de,,2015-02-24,8,0,de.xml
de-AT,de,AT,2015-02-18,4,0,de_AT.xml
de-BE,de,BE,2014-07-23,0,0,de_BE.xml
de-CH,de,CH,2015-02-09,4,0,de_CH.xml
de-DE,de,DE,2014-07-23,0,1,de_DE.xml
de-LI,de,LI,2014-07-23,1,0,de_LI.xml
de-LU,de,LU,2014-07-23,1,0,de_LU.xml
dje,dje,,2014-07-23,6,0,dje.xml
dje-NE,dje,NE,2014-07-23,0,1,dje_NE.xml
dsb,dsb,,2015-02-23,9,0,dsb.xml
dsb-DE,dsb,DE,2014-07-23,0,1,dsb_DE.xml
dua,dua,,2014-07-23,6,0,dua.xml
dua-CM,dua,CM,2014-07-23,0,1,dua_CM.xml
dyo,dyo,,2014-07-23,6,0,dyo.xml
dyo-SN,dyo,SN,2014-07-23,0,1,dyo_SN.xml
dz,dz,,2014-07-23,8,0,dz.xml
dz-BT,dz,BT,2014-07-23,0,1,dz_BT.xml
ebu,ebu,,2014-07-23,6,0,ebu.xml
ebu-KE,ebu,KE,2014-07-23,0,1,ebu_KE.xml
ee,ee,,2015-02-23,8,0,ee.xml
ee-GH,ee,GH,2014-07-23,0,1,ee_GH.xml
ee-TG,ee,TG,2014-07-23,0,0,ee_TG.xml
el,el,,2015-02-23,9,0,el.xml
el-CY,el,CY,2015-02-10,0,0,el_CY.xml
el-GR,el,GR,2014-07-23,0,1,el_GR.xml
en,en,,2015-03-05,9,0,en.xml
en-001,en,001,2015-02-22,3,0,en_001.xml
en-150,en,150,2015-01-23,2,0,en_150.xml
en-AG,en,AG,2014-08-01,1,0,en_AG.xml
en-AI,en,AI,2014-08-01,1,0,en_AI.xml
en-AS,en,AS,2014-07-23,0,0,en_AS.xml
en-AU,en,AU,2015-01-30,4,0,en_AU.xml
en-BB,en,BB,2014-07-23,1,0,en_BB.xml
en-BE,en,BE,2015-01-23,2,0,en_BE.xml
en-BM,en,BM,2014-07-23,1,0,en_BM.xml
en-BS,en,BS,2014-07-23,2,0,en_BS.xml
en-BW,en,BW,2015-01-23,2,0,en_BW.xml
en-BZ,en,BZ,2015-01-23,3,0,en_BZ.xml
en-CA,en,CA,2015-03-16,2,0,en_CA.xml
en-CC,en,CC,2014-07-23,1,0,en_CC.xml
en-CK,en,CK,2014-07-23,1,0,en_CK.xml
en-CM,en,CM,2014-07-23,1,0,en_CM.xml
en-CX,en,CX,2014-07-23,1,0,en_CX.xml
en-DG,en,DG,2014-07-23,0,0,en_DG.xml
en-DM,en,DM,2014-08-01,1,0,en_DM.xml
en-ER,en,ER,2014-07-23,2,0,en_ER.xml
en-FJ,en,FJ,2014-07-23,1,0,en_FJ.xml
en-FK,en,FK,2014-07-23,1,0,en_FK.xml
en-FM,en,FM,2014-07-23,0,0,en_FM.xml
en-GB,en,GB,2015-01-30,4,0,en_GB.xml
en-GD,en,GD,2014-08-01,1,0,en_GD.xml
en-GG,en,GG,2014-07-23,0,0,en_GG.xml
en-GH,en,GH,2014-07-23,2,0,en_GH.xml
en-GI,en,GI,2014-08-14,1,0,en_GI.xml
en-GM,en,GM,2014-07-23,2,0,en_GM.xml
en-GU,en,GU,2014-07-23,1,0,en_GU.xml
en-GY,en,GY,2014-07-23,1,0,en_GY.xml
en-HK,en,HK,2015-01-23,1,0,en_HK.xml
en-IE,en,IE,2015-01-23,1,0,en_IE.xml
en-IM,en,IM,2014-07-23,0,0,en_IM.xml
en-IN,en,IN,2015-02-26,2,0,en_IN.xml
en-IO,en,IO,2014-07-23,0,0,en_IO.xml
en-JE,en,JE,2014-07-23,0,0,en_JE.xml
en-JM,en,JM,2015-01-02,2,0,en_JM.xml
en-KE,en,KE,2014-07-23,2,0,en_KE.xml
en-KI,en,KI,2014-07-23,1,0,en_KI.xml
en-KN,en,KN,2014-08-01,1,0,en_KN.xml
en-KY,en,KY,2014-07-23,2,0,en_KY.xml
en-LC,en,LC,2014-08-01,1,0,en_LC.xml
en-LR,en,LR,2014-07-23,2,0,en_LR.xml
en-LS,en,LS,2014-07-23,2,0,en_LS.xml
en-MG,en,MG,2014-07-23,2,0,en_MG.xml
en-MH,en,MH,2014-07-23,1,0,en_MH.xml
en-MO,en,MO,2015-01-23,2,0,en_MO.xml
en-MP,en,MP,2014-07-23,1,0,en_MP.xml
en-MS,en,MS,2014-08-01,1,0,en_MS.xml
en-MT,en,MT,2015-01-23,2,0,en_MT.xml
en-MU,en,MU,2014-07-23,2,0,en_MU.xml
en-MW,en,MW,2014-07-23,2,0,en_MW.xml
en-MY,en,MY,2014-05-14,2,0,en_MY.xml
en-NA,en,NA,2014-07-23,2,0,en_NA.xml
en-NF,en,NF,2014-07-23,1,0,en_NF.xml
en-NG,en,NG,2014-07-23,2,0,en_NG.xml
en-NR,en,NR,2014-07-23,1,0,en_NR.xml
en-NU,en,NU,2014-07-23,1,0,en_NU.xml
en-NZ,en,NZ,2015-01-23,2,0,en_NZ.xml
en-PG,en,PG,2014-07-23,1,0,en_PG.xml
en-PH,en,PH,2014-07-23,1,0,en_PH.xml
en-PK,en,PK,2015-01-23,2,0,en_PK.xml
en-PN,en,PN,2014-07-23,1,0,en_PN.xml
en-PR,en,PR,2014-07-23,0,0,en_PR.xml
en-PW,en,PW,2014-07-23,1,0,en_PW.xml
en-RW,en,RW,2014-07-23,2,0,en_RW.xml
en-SB,en,SB,2014-07-23,1,0,en_SB.xml
en-SC,en,SC,2014-07-23,1,0,en_SC.xml
en-SD,en,SD,2014-07-23,1,0,en_SD.xml
en-SG,en,SG,2015-01-23,2,0,en_SG.xml
en-SH,en,SH,2014-07-23,1,0,en_SH.xml
en-SL,en,SL,2014-07-23,2,0,en_SL.xml
en-SS,en,SS,2014-07-23,2,0,en_SS.xml
en-SX,en,SX,2014-07-23,1,0,en_SX.xml
en-SZ,en,SZ,2014-07-23,2,0,en_SZ.xml
en-TC,en,TC,2014-07-23,0,0,en_TC.xml
en-TK,en,TK,2014-07-23,1,0,en_TK.xml
en-TO,en,TO,2014-07-23,1,0,en_TO.xml
en-TT,en,TT,2014-07-23,1,0,en_TT.xml
en-TV,en,TV,2014-07-23,1,0,en_TV.xml
en-TZ,en,TZ,2014-07-23,2,0,en_TZ.xml
en-UG,en,UG,2014-07-23,2,0,en_UG.xml
en-UM,en,UM,2014-07-23,0,0,en_UM.xml
en-US,en,US,2014-07-23,0,1,en_US.xml
en-US-POSIX,en,US,2014-07-23,1,0,en_US_POSIX.xml
en-VC,en,VC,2014-08-01,1,0,en_VC.xml
en-VG,en,VG,2014-07-23,0,0,en_VG.xml
en-VI,en,VI,2014-07-23,0,0,en_VI.xml
en-VU,en,VU,2014-07-23,1,0,en_VU.xml
en-WS,en,WS,2014-07-23,1,0,en_WS.xml
en-ZA,en,ZA,2015-01-23,3,0,en_ZA.xml
en-ZM,en,ZM,2014-07-23,2,0,en_ZM.xml
en-ZW,en,ZW,2015-01-23,1,0,en_ZW.xml
eo,eo,,2015-01-02,8,0,eo.xml
eo-001,eo,001,2014-07-23,0,1,eo_001.xml
es,es,,2015-02-26,9,0,es.xml
es-419,es,419,2015-02-26,4,0,es_419.xml
es-AR,es,AR,2015-02-26,2,0,es_AR.xml
es-BO,es,BO,2014-07-23,1,0,es_BO.xml
es-CL,es,CL,2015-02-26,3,0,es_CL.xml
es-CO,es,CO,2015-02-26,2,0,es_CO.xml
es-CR,es,CR,2015-02-26,2,0,es_CR.xml
es-CU,es,CU,2014-07-23,1,0,es_CU.xml
es-DO,es,DO,2014-07-23,1,0,es_DO.xml
es-EA,es,EA,2014-07-23,0,0,es_EA.xml
es-EC,es,EC,2015-02-26,2,0,es_EC.xml
es-ES,es,ES,2014-07-23,0,1,es_ES.xml
es-GQ,es,GQ,2014-07-23,1,0,es_GQ.xml
es-GT,es,GT,2015-02-26,2,0,es_GT.xml
es-HN,es,HN,2015-02-26,2,0,es_HN.xml
es-IC,es,IC,2014-07-23,0,0,es_IC.xml
es-MX,es,MX,2015-02-26,5,0,es_MX.xml
es-NI,es,NI,2015-02-26,2,0,es_NI.xml
es-PA,es,PA,2015-02-26,2,0,es_PA.xml
es-PE,es,PE,2015-02-26,2,0,es_PE.xml
es-PH,es,PH,2014-07-23,1,0,es_PH.xml
es-PR,es,PR,2015-02-26,3,0,es_PR.xml
es-PY,es,PY,2014-07-23,1,0,es_PY.xml
es-SV,es,SV,2015-02-26,2,0,es_SV.xml
es-US,es,US,2015-02-26,3,0,es_US.xml
es-UY,es,UY,2015-02-12,2,0,es_UY.xml
es-VE,es,VE,2014-07-23,1,0,es_VE.xml
et,et,,2015-02-23,8,0,et.xml
et-EE,et,EE,2014-07-23,0,1,et_EE.xml
eu,eu,,2015-02-23,8,0,eu.xml
eu-ES,eu,ES,2014-07-23,0,1,eu_ES.xml
ewo,ewo,,2014-07-23,6,0,ewo.xml
ewo-CM,ewo,CM,2014-07-23,0,1,ewo_CM.xml
fa,fa,,2015-02-23,9,0,fa.xml
fa-AF,fa,AF,2015-02-17,4,0,fa_AF.xml
fa-IR,fa,IR,2014-07-23,0,1,fa_IR.xml
ff,ff,,2014-08-07,6,0,ff.xml
ff-CM,ff,CM,2014-07-23,0,0,ff_CM.xml
ff-GN,ff,GN,2014-07-23,1,0,ff_GN.xml
ff-MR,ff,MR,2014-07-23,1,0,ff_MR.xml
ff-SN,ff,SN,2014-07-23,0,1,ff_SN.xml
fi,fi,,2015-03-01,9,0,fi.xml
fi-FI,fi,FI,2014-07-23,0,1,fi_FI.xml
fil,fil,,2015-02-23,8,0,fil.xml
fil-PH,fil,PH,2014-07-23,0,1,fil_PH.xml
fo,fo,,2015-02-18,8,0,fo.xml
fo-FO,fo,FO,2014-07-23,0,1,fo_FO.xml
fr,fr,,2015-03-05,9,0,fr.xml
fr-BE,fr,BE,2015-02-26,2,0,fr_BE.xml
fr-BF,fr,BF,2014-07-23,0,0,fr_BF.xml
fr-BI,fr,BI,2014-07-23,1,0,fr_BI.xml
fr-BJ,fr,BJ,2014-07-23,0,0,fr_BJ.xml
fr-BL,fr,BL,2014-07-23,0,0,fr_BL.xml
fr-CA,fr,CA,2015-02-26,4,0,fr_CA.xml
fr-CD,fr,CD,2014-07-23,1,0,fr_CD.xml
fr-CF,fr,CF,2014-07-23,0,0,fr_CF.xml
fr-CG,fr,CG,2014-07-23,0,0,fr_CG.xml
fr-CH,fr,CH,2015-02-26,4,0,fr_CH.xml
fr-CI,fr,CI,2014-07-23,0,0,fr_CI.xml
fr-CM,fr,CM,2014-07-23,0,0,fr_CM.xml
fr-DJ,fr,DJ,2014-07-23,1,0,fr_DJ.xml
fr-DZ,fr,DZ,2014-07-23,1,0,fr_DZ.xml
fr-FR,fr,FR,2014-07-23,0,1,fr_FR.xml
fr-GA,fr,GA,2014-07-23,0,0,fr_GA.xml
fr-GF,fr,GF,2014-07-23,0,0,fr_GF.xml
fr-GN,fr,GN,2014-07-23,1,0,fr_GN.xml
fr-GP,fr,GP,2014-07-23,0,0,fr_GP.xml
fr-GQ,fr,GQ,2014-07-23,0,0,fr_GQ.xml
fr-HT,fr,HT,2014-07-23,1,0,fr_HT.xml
fr-KM,fr,KM,2014-07-23,1,0,fr_KM.xml
fr-LU,fr,LU,2014-07-23,1,0,fr_LU.xml
fr-MA,fr,MA,2014-07-23,0,0,fr_MA.xml
fr-MC,fr,MC,2014-07-23,0,0,fr_MC.xml
fr-MF,fr,MF,2014-07-23,0,0,fr_MF.xml
fr-MG,fr,MG,2014-07-23,1,0,fr_MG.xml
fr-ML,fr,ML,2014-07-23,0,0,fr_ML.xml
fr-MQ,fr,MQ,2014-07-23,0,0,fr_MQ.xml
fr-MR,fr,MR,2014-07-23,1,0,fr_MR.xml
fr-MU,fr,MU,2014-07-23,1,0,fr_MU.xml
fr-NC,fr,NC,2014-07-23,0,0,fr_NC.xml
fr-NE,fr,NE,2014-07-23,0,0,fr_NE.xml
fr-PF,fr,PF,2014-07-23,0,0,fr_PF.xml
fr-PM,fr,PM,2014-07-23,0,0,fr_PM.xml
fr-RE,fr,RE,2014-07-23,0,0,fr_RE.xml
fr-RW,fr,RW,2014-07-23,1,0,fr_RW.xml
fr-SC,fr,SC,2014-07-23,1,0,fr_SC.xml
fr-SN,fr,SN,2014-07-23,0,0,fr_SN.xml
fr-SY,fr,SY,2014-07-23,1,0,fr_SY.xml
fr-TD,fr,TD,2014-07-23,0,0,fr_TD.xml
fr-TG,fr,TG,2014-07-23,0,0,fr_TG.xml
fr-TN,fr,TN,2014-07-23,1,0,fr_TN.xml
fr-VU,fr,VU,2014-07-23,1,0,fr_VU.xml
fr-WF,fr,WF,2014-07-23,0,0,fr_WF.xml
fr-YT,fr,YT,2014-07-23,0,0,fr_YT.xml
fur,fur,,2015-01-02,8,0,fur.xml
fur-IT,fur,IT,2014-07-23,0,1,fur_IT.xml
fy,fy,,2015-01-02,9,0,fy.xml
fy-NL,fy,NL,2014-07-23,0,1,fy_NL.xml
ga,ga,,2015-02-23,8,0,ga.xml
ga-IE,ga,IE,2014-07-23,0,1,ga_IE.xml
gd,gd,,2015-02-23,8,0,gd.xml
gd-GB,gd,GB,2014-07-23,0,1,gd_GB.xml
gl,gl,,2015-02-23,8,0,gl.xml
gl-ES,gl,ES,2014-07-23,0,1,gl_ES.xml
gsw,gsw,,2015-01-02,8,0,gsw.xml
gsw-CH,gsw,CH,2014-07-23,0,1,gsw_CH.xml
gsw-FR,gsw,FR,2014-05-14,0,0,gsw_FR.xml
gsw-LI,gsw,LI,2014-07-23,0,0,gsw_LI.xml
gu,gu,,2015-02-23,8,0,gu.xml
gu-IN,gu,IN,2014-07-23,0,1,gu_IN.xml
guz,guz,,2014-08-07,6,0,guz.xml
guz-KE,guz,KE,2014-07-23,0,1,guz_KE.xml
gv,gv,,2014-07-23,4,0,gv.xml
gv-IM,gv,IM,2014-07-23,0,1,gv_IM.xml
ha,ha,,2014-08-07,6,0,ha.xml
ha-Latn,ha,,2014-07-23,0,0,ha_Latn.xml
ha-Latn-GH,ha,GH,2014-07-23,1,0,ha_Latn_GH.xml
ha-Latn-NE,ha,NE,2014-07-23,0,0,ha_Latn_NE.xml
ha-Latn-NG,ha,NG,2014-07-23,0,1,ha_Latn_NG.xml
haw,haw,,2014-07-23,5,0,haw.xml
haw-US,haw,US,2014-07-23,0,1,haw_US.xml
he,he,,2015-02-23,9,0,he.xml
he-IL,he,IL,2014-07-23,0,1,he_IL.xml
hi,hi,,2015-02-23,8,0,hi.xml
hi-IN,hi,IN,2014-07-23,0,1,hi_IN.xml
hr,hr,,2015-02-23,9,0,hr.xml
hr-BA,hr,BA,2014-07-23,1,0,hr_BA.xml
hr-HR,hr,HR,2014-07-23,0,1,hr_HR.xml
hsb,hsb,,2015-02-23,8,0,hsb.xml
hsb-DE,hsb,DE,2014-07-23,0,1,hsb_DE.xml
hu,hu,,2015-02-23,8,0,hu.xml
hu-HU,hu,HU,2014-07-23,0,1,hu_HU.xml
hy,hy,,2015-02-23,8,0,hy.xml
hy-AM,hy,AM,2014-07-23,0,1,hy_AM.xml
id,id,,2015-02-23,9,0,id.xml
id-ID,id,ID,2014-07-23,0,1,id_ID.xml
ig,ig,,2014-08-07,6,0,ig.xml
ig-NG,ig,NG,2014-07-23,0,1,ig_NG.xml
ii,ii,,2014-07-23,5,0,ii.xml
ii-CN,ii,CN,2014-07-23,0,1,ii_CN.xml
is,is,,2015-02-23,8,0,is.xml
is-IS,is,IS,2014-07-23,0,1,is_IS.xml
it,it,,2015-02-24,9,0,it.xml
it-CH,it,CH,2015-02-10,3,0,it_CH.xml
it-IT,it,IT,2014-07-23,0,1,it_IT.xml
it-SM,it,SM,2014-07-23,0,0,it_SM.xml
ja,ja,,2015-02-23,8,0,ja.xml
ja-JP,ja,JP,2014-07-23,0,1,ja_JP.xml
jgo,jgo,,2014-08-07,8,0,jgo.xml
jgo-CM,jgo,CM,2014-07-23,0,1,jgo_CM.xml
jmc,jmc,,2014-07-23,6,0,jmc.xml
jmc-TZ,jmc,TZ,2014-07-23,0,1,jmc_TZ.xml
ka,ka,,2015-02-26,8,0,ka.xml
ka-GE,ka,GE,2014-07-23,0,1,ka_GE.xml
kab,kab,,2014-10-31,6,0,kab.xml
kab-DZ,kab,DZ,2014-07-23,0,1,kab_DZ.xml
kam,kam,,2014-07-23,6,0,kam.xml
kam-KE,kam,KE,2014-07-23,0,1,kam_KE.xml
kde,kde,,2014-08-07,6,0,kde.xml
kde-TZ,kde,TZ,2014-07-23,0,1,kde_TZ.xml
kea,kea,,2014-10-31,8,0,kea.xml
kea-CV,kea,CV,2014-07-23,0,1,kea_CV.xml
khq,khq,,2014-07-23,6,0,khq.xml
khq-ML,khq,ML,2014-07-23,0,1,khq_ML.xml
ki,ki,,2014-07-23,6,0,ki.xml
ki-KE,ki,KE,2014-07-23,0,1,ki_KE.xml
kk,kk,,2015-02-23,8,0,kk.xml
kk-Cyrl,kk,,2014-07-23,0,0,kk_Cyrl.xml
kk-Cyrl-KZ,kk,KZ,2014-07-23,0,1,kk_Cyrl_KZ.xml
kkj,kkj,,2014-07-23,6,0,kkj.xml
kkj-CM,kkj,CM,2014-07-23,0,1,kkj_CM.xml
kl,kl,,2014-07-23,8,0,kl.xml
kl-GL,kl,GL,2014-07-23,0,1,kl_GL.xml
kln,kln,,2015-01-19,6,0,kln.xml
kln-KE,kln,KE,2014-07-23,0,1,kln_KE.xml
km,km,,2015-03-06,8,0,km.xml
km-KH,km,KH,2014-07-23,0,1,km_KH.xml
kn,kn,,2015-03-06,8,0,kn.xml
kn-IN,kn,IN,2014-07-23,0,1,kn_IN.xml
ko,ko,,2015-02-23,8,0,ko.xml
ko-KP,ko,KP,2014-07-23,1,0,ko_KP.xml
ko-KR,ko,KR,2014-07-23,0,1,ko_KR.xml
kok,kok,,2014-07-23,4,0,kok.xml
kok-IN,kok,IN,2014-07-23,0,1,kok_IN.xml
ks,ks,,2015-02-23,7,0,ks.xml
ks-Arab,ks,,2014-07-23,0,0,ks_Arab.xml
ks-Arab-IN,ks,IN,2014-07-23,0,1,ks_Arab_IN.xml
ksb,ksb,,2014-08-07,6,0,ksb.xml
ksb-TZ,ksb,TZ,2014-07-23,0,1,ksb_TZ.xml
ksf,ksf,,2014-07-23,6,0,ksf.xml
ksf-CM,ksf,CM,2014-07-23,0,1,ksf_CM.xml
ksh,ksh,,2014-08-11,8,0,ksh.xml
ksh-DE,ksh,DE,2014-07-23,0,1,ksh_DE.xml
kw,kw,,2015-02-18,4,0,kw.xml
kw-GB,kw,GB,2014-07-23,0,1,kw_GB.xml
ky,ky,,2015-02-23,8,0,ky.xml
ky-Cyrl,ky,,2014-07-23,0,0,ky_Cyrl.xml
ky-Cyrl-KG,ky,KG,2014-07-23,0,1,ky_Cyrl_KG.xml
lag,lag,,2014-07-23,6,0,lag.xml
lag-TZ,lag,TZ,2014-07-23,0,1,lag_TZ.xml
lb,lb,,2015-02-23,9,0,lb.xml
lb-LU,lb,LU,2014-07-23,0,1,lb_LU.xml
lg,lg,,2014-08-07,6,0,lg.xml
lg-UG,lg,UG,2014-07-23,0,1,lg_UG.xml
lkt,lkt,,2014-07-23,5,0,lkt.xml
lkt-US,lkt,US,2014-07-23,0,1,lkt_US.xml
ln,ln,,2014-08-07,7,0,ln.xml
ln-AO,ln,AO,2014-07-23,1,0,ln_AO.xml
ln-CD,ln,CD,2014-07-23,0,1,ln_CD.xml
ln-CF,ln,CF,2014-07-23,0,0,ln_CF.xml
ln-CG,ln,CG,2014-07-23,0,0,ln_CG.xml
lo,lo,,2015-02-23,8,0,lo.xml
lo-LA,lo,LA,2014-07-23,0,1,lo_LA.xml
lt,lt,,2015-03-05,8,0,lt.xml
lt-LT,lt,LT,2014-07-23,0,1,lt_LT.xml
lu,lu,,2014-07-23,6,0,lu.xml
lu-CD,lu,CD,2014-07-23,0,1,lu_CD.xml
luo,luo,,2014-08-07,6,0,luo.xml
luo-KE,luo,KE,2014-07-23,0,1,luo_KE.xml
luy,luy,,2014-07-23,6,0,luy.xml
luy-KE,luy,KE,2014-07-23,0,1,luy_KE.xml
lv,lv,,2015-02-23,8,0,lv.xml
lv-LV,lv,LV,2014-07-23,0,1,lv_LV.xml
mas,mas,,2014-08-07,6,0,mas.xml
mas-KE,mas,KE,2014-07-23,0,1,mas_KE.xml
mas-TZ,mas,TZ,2014-07-23,1,0,mas_TZ.xml
mer,mer,,2014-07-23,6,0,mer.xml
mer-KE,mer,KE,2014-07-23,0,1,mer_KE.xml
mfe,mfe,,2014-08-07,6,0,mfe.xml
mfe-MU,mfe,MU,2014-07-23,0,1,mfe_MU.xml
mg,mg,,2014-08-07,6,0,mg.xml
mg-MG,mg,MG,2014-07-23,0,1,mg_MG.xml
mgh,mgh,,2014-08-07,5,0,mgh.xml
mgh-MZ,mgh,MZ,2014-07-23,0,1,mgh_MZ.xml
mgo,mgo,,2014-07-23,7,0,mgo.xml
mgo-CM,mgo,CM,2014-07-23,0,1,mgo_CM.xml
mk,mk,,2015-02-23,8,0,mk.xml
mk-MK,mk,MK,2014-07-23,0,1,mk_MK.xml
ml,ml,,2015-02-23,8,0,ml.xml
ml-IN,ml,IN,2014-07-23,0,1,ml_IN.xml
mn,mn,,2015-02-23,8,0,mn.xml
mn-Cyrl,mn,,2014-07-23,0,0,mn_Cyrl.xml
mn-Cyrl-MN,mn,MN,2014-07-23,0,1,mn_Cyrl_MN.xml
mr,mr,,2015-02-23,8,0,mr.xml
mr-IN,mr,IN,2014-07-23,0,1,mr_IN.xml
ms,ms,,2015-02-23,8,0,ms.xml
ms-Latn,ms,,2014-07-23,0,0,ms_Latn.xml
ms-Latn-BN,ms,BN,2014-07-23,2,0,ms_Latn_BN.xml
ms-Latn-MY,ms,MY,2014-07-23,0,1,ms_Latn_MY.xml
ms-Latn-SG,ms,SG,2014-07-23,1,0,ms_Latn_SG.xml
mt,mt,,2015-01-02,8,0,mt.xml
mt-MT,mt,MT,2014-07-23,0,1,mt_MT.xml
mua,mua,,2014-08-07,6,0,mua.xml
mua-CM,mua,CM,2014-07-23,0,1,mua_CM.xml
my,my,,2015-02-26,8,0,my.xml
my-MM,my,MM,2014-07-23,0,1,my_MM.xml
naq,naq,,2014-07-23,6,0,naq.xml
naq-NA,naq,NA,2014-07-23,0,1,naq_NA.xml
nb,nb,,2015-02-23,9,0,nb.xml
nb-NO,nb,NO,2014-07-23,0,1,nb_NO.xml
nb-SJ,nb,SJ,2014-07-23,0,0,nb_SJ.xml
nd,nd,,2014-07-23,6,0,nd.xml
nd-ZW,nd,ZW,2014-07-23,0,1,nd_ZW.xml
ne,ne,,2015-02-23,8,0,ne.xml
ne-IN,ne,IN,2015-02-10,1,0,ne_IN.xml
ne-NP,ne,NP,2014-07-23,0,1,ne_NP.xml
nl,nl,,2015-02-23,9,0,nl.xml
nl-AW,nl,AW,2014-07-23,1,0,nl_AW.xml
nl-BE,nl,BE,2015-02-10,3,0,nl_BE.xml
nl-BQ,nl,BQ,2014-07-23,1,0,nl_BQ.xml
nl-CW,nl,CW,2014-07-23,1,0,nl_CW.xml
nl-NL,nl,NL,2014-07-23,0,1,nl_NL.xml
nl-SR,nl,SR,2014-07-23,1,0,nl_SR.xml
nl-SX,nl,SX,2014-07-23,1,0,nl_SX.xml
nmg,nmg,,2014-08-07,6,0,nmg.xml
nmg-CM,nmg,CM,2014-07-23,0,1,nmg_CM.xml
nn,nn,,2014-10-31,8,0,nn.xml
nn-NO,nn,NO,2014-07-23,0,1,nn_NO.xml
nnh,nnh,,2014-07-23,5,0,nnh.xml
nnh-CM,nnh,CM,2014-07-23,0,1,nnh_CM.xml
nus,nus,,2014-07-23,6,0,nus.xml
nus-SD,nus,SD,2014-07-23,0,1,nus_SD.xml
nyn,nyn,,2014-08-07,6,0,nyn.xml
nyn-UG,nyn,UG,2014-07-23,0,1,nyn_UG.xml
om,om,,2014-10-31,4,0,om.xml
om-ET,om,ET,2014-07-23,0,1,om_ET.xml
om-KE,om,KE,2014-07-23,1,0,om_KE.xml
or,or,,2014-07-23,5,0,or.xml
or-IN,or,IN,2014-07-23,0,1,or_IN.xml
os,os,,2015-01-02,8,0,os.xml
os-GE,os,GE,2014-07-23,0,1,os_GE.xml
os-RU,os,RU,2014-07-23,1,0,os_RU.xml
pa,pa,,2015-02-23,8,0,pa.xml
pa-Arab,pa,,2014-07-23,6,0,pa_Arab.xml
pa-Arab-PK,pa,PK,2014-07-23,0,1,pa_Arab_PK.xml
pa-Guru,pa,,2014-07-23,0,0,pa_Guru.xml
pa-Guru-IN,pa,IN,2014-07-23,0,1,pa_Guru_IN.xml
pl,pl,,2015-02-23,9,0,pl.xml
pl-PL,pl,PL,2014-07-23,0,1,pl_PL.xml
ps,ps,,2014-07-23,6,0,ps.xml
ps-AF,ps,AF,2014-07-23,0,1,ps_AF.xml
pt,pt,,2015-02-23,9,0,pt.xml
pt-AO,pt,AO,2014-07-23,2,0,pt_AO.xml
pt-BR,pt,BR,2014-07-23,0,1,pt_BR.xml
pt-CV,pt,CV,2014-07-31,2,0,pt_CV.xml
pt-GW,pt,GW,2014-07-23,1,0,pt_GW.xml
pt-MO,pt,MO,2014-07-23,2,0,pt_MO.xml
pt-MZ,pt,MZ,2014-07-23,2,0,pt_MZ.xml
pt-PT,pt,PT,2015-02-26,7,0,pt_PT.xml
pt-ST,pt,ST,2014-07-23,2,0,pt_ST.xml
pt-TL,pt,TL,2014-07-23,1,0,pt_TL.xml
qu,qu,,2014-07-23,5,0,qu.xml
qu-BO,qu,BO,2014-07-23,1,0,qu_BO.xml
qu-EC,qu,EC,2014-07-23,1,0,qu_EC.xml
qu-PE,qu,PE,2014-07-23,0,1,qu_PE.xml
rm,rm,,2015-02-23,8,0,rm.xml
rm-CH,rm,CH,2014-07-23,0,1,rm_CH.xml
rn,rn,,2014-08-07,6,0,rn.xml
rn-BI,rn,BI,2014-07-23,0,1,rn_BI.xml
ro,ro,,2015-02-23,8,0,ro.xml
ro-MD,ro,MD,2014-07-23,1,0,ro_MD.xml
ro-RO,ro,RO,2014-07-23,0,1,ro_RO.xml
rof,rof,,2014-08-07,6,0,rof.xml
rof-TZ,rof,TZ,2014-07-23,0,1,rof_TZ.xml
root,root,,2015-02-22,9,0,root.xml
ru,ru,,2015-03-06,9,0,ru.xml
ru-BY,ru,BY,2014-07-23,1,0,ru_BY.xml
ru-KG,ru,KG,2014-07-23,1,0,ru_KG.xml
ru-KZ,ru,KZ,2014-07-23,1,0,ru_KZ.xml
ru-MD,ru,MD,2014-07-23,1,0,ru_MD.xml
ru-RU,ru,RU,2014-07-23,0,1,ru_RU.xml
ru-UA,ru,UA,2015-02-18,1,0,ru_UA.xml
rw,rw,,2014-08-07,5,0,rw.xml
rw-RW,rw,RW,2014-07-23,0,1,rw_RW.xml
rwk,rwk,,2014-07-23,6,0,rwk.xml
rwk-TZ,rwk,TZ,2014-07-23,0,1,rwk_TZ.xml
sah,sah,,2014-08-11,5,0,sah.xml
sah-RU,sah,RU,2014-07-23,0,1,sah_RU.xml
saq,saq,,2014-08-07,6,0,saq.xml
saq-KE,saq,KE,2014-07-23,0,1,saq_KE.xml
sbp,sbp,,2014-08-07,6,0,sbp.xml
sbp-TZ,sbp,TZ,2014-07-23,0,1,sbp_TZ.xml
se,se,,2014-08-11,8,0,se.xml
se-FI,se,FI,2014-08-14,2,0,se_FI.xml
se-NO,se,NO,2014-07-23,0,1,se_NO.xml
se-SE,se,SE,2014-07-23,1,0,se_SE.xml
seh,seh,,2014-10-31,6,0,seh.xml
seh-MZ,seh,MZ,2014-07-23,0,1,seh_MZ.xml
ses,ses,,2014-07-23,6,0,ses.xml
ses-ML,ses,ML,2014-07-23,0,1,ses_ML.xml
sg,sg,,2014-07-23,6,0,sg.xml
sg-CF,sg,CF,2014-07-23,0,1,sg_CF.xml
shi,shi,,2014-07-23,6,0,shi.xml
shi-Latn,shi,,2014-07-23,6,0,shi_Latn.xml
shi-Latn-MA,shi,MA,2014-07-23,0,1,shi_Latn_MA.xml
shi-Tfng,shi,,2014-07-23,0,0,shi_Tfng.xml
shi-Tfng-MA,shi,MA,2014-07-23,0,1,shi_Tfng_MA.xml
si,si,,2015-02-23,8,0,si.xml
si-LK,si,LK,2014-07-23,0,1,si_LK.xml
sk,sk,,2015-02-23,9,0,sk.xml
sk-SK,sk,SK,2014-07-23,0,1,sk_SK.xml
sl,sl,,2015-02-23,8,0,sl.xml
sl-SI,sl,SI,2014-07-23,0,1,sl_SI.xml
smn,smn,,2014-08-14,6,0,smn.xml
smn-FI,smn,FI,2014-07-23,0,1,smn_FI.xml
sn,sn,,2014-07-23,6,0,sn.xml
sn-ZW,sn,ZW,2014-07-23,0,1,sn_ZW.xml
so,so,,2015-01-02,6,0,so.xml
so-DJ,so,DJ,2014-07-23,1,0,so_DJ.xml
so-ET,so,ET,2014-07-23,1,0,so_ET.xml
so-KE,so,KE,2014-07-23,1,0,so_KE.xml
so-SO,so,SO,2014-07-23,0,1,so_SO.xml
sq,sq,,2015-02-23,8,0,sq.xml
sq-AL,sq,AL,2014-07-23,0,1,sq_AL.xml
sq-MK,sq,MK,2014-07-23,1,0,sq_MK.xml
sq-XK,sq,XK,2014-07-23,0,0,sq_XK.xml
sr,sr,,2015-02-23,8,0,sr.xml
sr-Cyrl,sr,,2014-07-23,0,0,sr_Cyrl.xml
sr-Cyrl-BA,sr,BA,2015-02-18,1,0,sr_Cyrl_BA.xml
sr-Cyrl-ME,sr,ME,2014-07-23,0,0,sr_Cyrl_ME.xml
sr-Cyrl-RS,sr,RS,2014-07-23,0,1,sr_Cyrl_RS.xml
sr-Cyrl-XK,sr,XK,2014-07-23,0,0,sr_Cyrl_XK.xml
sr-Latn,sr,,2015-02-26,8,0,sr_Latn.xml
sr-Latn-BA,sr,BA,2015-02-26,1,0,sr_Latn_BA.xml
sr-Latn-ME,sr,ME,2015-02-26,0,0,sr_Latn_ME.xml
sr-Latn-RS,sr,RS,2014-07-23,0,1,sr_Latn_RS.xml
sr-Latn-XK,sr,XK,2015-02-26,0,0,sr_Latn_XK.xml
sv,sv,,2015-02-23,9,0,sv.xml
sv-AX,sv,AX,2014-08-14,0,0,sv_AX.xml
sv-FI,sv,FI,2015-02-11,4,0,sv_FI.xml
sv-SE,sv,SE,2014-07-23,0,1,sv_SE.xml
sw,sw,,2015-02-23,8,0,sw.xml
sw-CD,sw,CD,2015-01-26,4,0,sw_CD.xml
sw-KE,sw,KE,2014-07-23,0,0,sw_KE.xml
sw-TZ,sw,TZ,2014-07-23,0,1,sw_TZ.xml
sw-UG,sw,UG,2014-07-23,1,0,sw_UG.xml
ta,ta,,2015-02-23,8,0,ta.xml
ta-IN,ta,IN,2014-07-23,0,1,ta_IN.xml
ta-LK,ta,LK,2014-08-14,1,0,ta_LK.xml
ta-MY,ta,MY,2015-02-10,2,0,ta_MY.xml
ta-SG,ta,SG,2015-02-10,2,0,ta_SG.xml
te,te,,2015-02-23,8,0,te.xml
te-IN,te,IN,2014-07-23,0,1,te_IN.xml
teo,teo,,2014-08-07,6,0,teo.xml
teo-KE,teo,KE,2014-07-23,1,0,teo_KE.xml
teo-UG,teo,UG,2014-07-23,0,1,teo_UG.xml
th,th,,2015-02-23,8,0,th.xml
th-TH,th,TH,2014-07-23,0,1,th_TH.xml
ti,ti,,2014-07-23,4,0,ti.xml
ti-ER,ti,ER,2015-01-02,4,0,ti_ER.xml
ti-ET,ti,ET,2014-07-23,0,1,ti_ET.xml
to,to,,2015-02-23,8,0,to.xml
to-TO,to,TO,2014-07-23,0,1,to_TO.xml
tr,tr,,2015-02-23,9,0,tr.xml
tr-CY,tr,CY,2014-07-23,0,0,tr_CY.xml
tr-TR,tr,TR,2014-07-23,0,1,tr_TR.xml
twq,twq,,2014-07-23,6,0,twq.xml
twq-NE,twq,NE,2014-07-23,0,1,twq_NE.xml
tzm,tzm,,2014-10-31,6,0,tzm.xml
tzm-Latn,tzm,,2014-07-23,0,0,tzm_Latn.xml
tzm-Latn-MA,tzm,MA,2014-07-23,0,1,tzm_Latn_MA.xml
ug,ug,,2014-08-07,9,0,ug.xml
ug-Arab,ug,,2014-07-23,0,0,ug_Arab.xml
ug-Arab-CN,ug,CN,2014-07-23,0,1,ug_Arab_CN.xml
uk,uk,,2015-02-23,9,0,uk.xml
uk-UA,uk,UA,2014-07-23,0,1,uk_UA.xml
ur,ur,,2015-02-23,9,0,ur.xml
ur-IN,ur,IN,2015-02-26,6,0,ur_IN.xml
ur-PK,ur,PK,2014-07-23,0,1,ur_PK.xml
uz,uz,,2015-02-23,8,0,uz.xml
uz-Arab,uz,,2014-07-23,5,0,uz_Arab.xml
uz-Arab-AF,uz,AF,2014-07-23,0,1,uz_Arab_AF.xml
uz-Cyrl,uz,,2014-10-31,8,0,uz_Cyrl.xml
uz-Cyrl-UZ,uz,UZ,2014-07-23,0,1,uz_Cyrl_UZ.xml
uz-Latn,uz,,2014-07-23,0,0,uz_Latn.xml
uz-Latn-UZ,uz,UZ,2014-07-23,0,1,uz_Latn_UZ.xml
vai,vai,,2015-03-06,6,0,vai.xml
vai-Latn,vai,,2014-10-31,6,0,vai_Latn.xml
vai-Latn-LR,vai,LR,2014-07-23,0,1,vai_Latn_LR.xml
vai-Vaii,vai,,2014-07-23,0,0,vai_Vaii.xml
vai-Vaii-LR,vai,LR,2014-07-23,0,1,vai_Vaii_LR.xml
vi,vi,,2015-02-23,8,0,vi.xml
vi-VN,vi,VN,2014-07-23,0,1,vi_VN.xml
vun,vun,,2014-07-23,6,0,vun.xml
vun-TZ,vun,TZ,2014-07-23,0,1,vun_TZ.xml
wae,wae,,2015-01-02,8,0,wae.xml
wae-CH,wae,CH,2014-07-23,0,1,wae_CH.xml
xog,xog,,2014-08-07,6,0,xog.xml
xog-UG,xog,UG,2014-07-23,0,1,xog_UG.xml
yav,yav,,2014-07-23,6,0,yav.xml
yav-CM,yav,CM,2014-07-23,0,1,yav_CM.xml
yi,yi,,2014-08-07,6,0,yi.xml
yi-001,yi,001,2014-07-23,0,1,yi_001.xml
yo,yo,,2014-07-23,6,0,yo.xml
yo-BJ,yo,BJ,2015-02-26,6,0,yo_BJ.xml
yo-NG,yo,NG,2014-07-23,0,1,yo_NG.xml
zgh,zgh,,2014-07-23,6,0,zgh.xml
zgh-MA,zgh,MA,2014-07-23,0,1,zgh_MA.xml
zh,zh,,2015-02-23,8,0,zh.xml
zh-Hans,zh,,2014-07-23,0,0,zh_Hans.xml
zh-Hans-CN,zh,CN,2014-07-23,0,1,zh_Hans_CN.xml
zh-Hans-HK,zh,HK,2015-02-26,4,0,zh_Hans_HK.xml
zh-Hans-MO,zh,MO,2015-02-26,4,0,zh_Hans_MO.xml
zh-Hans-SG,zh,SG,2015-02-26,4,0,zh_Hans_SG.xml
zh-Hant,zh,,2015-02-23,8,0,zh_Hant.xml
zh-Hant-HK,zh,HK,2015-02-26,5,0,zh_Hant_HK.xml
zh-Hant-MO,zh,MO,2015-01-19,1,0,zh_Hant_MO.xml
zh-Hant-TW,zh,TW,2014-07-23,0,1,zh_Hant_TW.xml
zu,zu,,2015-01-02,8,0,zu.xml
zu-ZA,zu,ZA,2014-07-23,0,1,zu_ZA.xml

